{
    "__comment": "Made with TheDestruc7i0n's advancements generator: https://advancements.thedestruc7i0n.ca",
    "display": {
        "title": {
            "text": "Crafting Dead",
            "color": "red"
        },
        "description": {
            "text": "Kill a zombie using a crafting table",
            "color": "green"
        },
        "icon": {
            "item": "minecraft:crafting_table"
        },
        "frame": "task",
        "show_toast": true,
        "announce_to_chat": true,
        "hidden": false
    },
    "criteria": {
        "craft": {
            "trigger": "minecraft:player_killed_entity",
            "conditions": {
                "entity": {
                    "type": "minecraft:zombie"
                },
                "killing_blow": {
                    "direct_entity": {
                        "type": "minecraft:player",
                        "nbt": "{SelectedItem:{id:\"minecraft:crafting_table\"}}"
                    }
                }
            }
        }
    },
    "parent": "oneblock_p:sleep"
}