{
    "__comment": "Made with TheDestruc7i0n's advancements generator: https://advancements.thedestruc7i0n.ca",
    "display": {
        "title": {
            "text": "Where my demon hide..",
            "color": "red"
        },
        "description": {
            "text": "Let yourself be killed by a phantom.",
            "color": "green"
        },
        "icon": {
            "item": "minecraft:phantom_membrane"
        },
        "frame": "task",
        "show_toast": true,
        "announce_to_chat": true,
        "hidden": false
    },
    "criteria": {
        "demon": {
            "trigger": "minecraft:entity_killed_player",
            "conditions": {
                "entity": {
                    "type": "minecraft:phantom"
                }
            }
        }
    },
    "parent": "oneblock_p:root"
}