{
    "__comment": "Made with TheDestruc7i0n's advancements generator: https://advancements.thedestruc7i0n.ca",
    "display": {
        "title": {
            "text": "Old Hero",
            "color": "red"
        },
        "description": {
            "text": "Kill the ender dragon with a stick",
            "color": "green"
        },
        "icon": {
            "item": "minecraft:stick"
        },
        "frame": "challenge",
        "show_toast": true,
        "announce_to_chat": true,
        "hidden": false
    },
    "criteria": {
        "hero": {
            "trigger": "minecraft:player_killed_entity",
            "conditions": {
                "entity": {
                    "type": "minecraft:ender_dragon"
                },
                "killing_blow": {
                    "direct_entity": {
                        "type": "minecraft:player",
                        "nbt": "{SelectedItem:{id:\"minecraft:stick\"}}"
                    }
                }
            }
        }
    },
    "parent": "oneblock_p:craft"
}