{
    "__comment": "Made with TheDestruc7i0n's advancements generator: https://advancements.thedestruc7i0n.ca",
    "display": {
        "title": {
            "text": "I am the bad guy...",
            "color": "white"
        },
        "description": {
            "text": "Kill a iron golem.",
            "color": "green"
        },
        "icon": {
            "item": "minecraft:poppy"
        },
        "frame": "challenge",
        "show_toast": true,
        "announce_to_chat": true,
        "hidden": false
    },
    "criteria": {
        "golem": {
            "trigger": "minecraft:player_killed_entity",
            "conditions": {
                "entity": {
                    "type": "minecraft:iron_golem"
                }
            }
        }
    },
    "parent": "oneblock:bully"
}