{
    "__comment": "Made with TheDestruc7i0n's advancements generator: https://advancements.thedestruc7i0n.ca",
    "display": {
        "title": {
            "text": "Why you bully me",
            "color": "white"
        },
        "description": {
            "text": "Kill a wandering trader",
            "color": "green"
        },
        "icon": {
            "item": "minecraft:emerald"
        },
        "frame": "task",
        "show_toast": true,
        "announce_to_chat": true,
        "hidden": false
    },
    "criteria": {
        "trader": {
            "trigger": "minecraft:player_killed_entity",
            "conditions": {
                "entity": {
                    "type": "minecraft:wandering_trader"
                }
            }
        }
    },
    "parent": "oneblock:bone_meal"
}