{
    "__comment": "Made with TheDestruc7i0n's advancements generator: https://advancements.thedestruc7i0n.ca",
    "display": {
        "title": {
            "text": "Are you a cowboy?",
            "color": "white"
        },
        "description": {
            "text": "Kill a cow",
            "color": "green"
        },
        "icon": {
            "item": "minecraft:leather"
        },
        "frame": "task",
        "show_toast": true,
        "announce_to_chat": true,
        "hidden": false
    },
    "criteria": {
        "cow": {
            "trigger": "minecraft:player_killed_entity",
            "conditions": {
                "entity": {
                    "type": "minecraft:cow"
                }
            }
        }
    },
    "parent": "oneblock:seeds"
}