{
    "__comment": "Made with TheDestruc7i0n's advancements generator: https://advancements.thedestruc7i0n.ca",
    "display": {
        "title": {
            "text": "Endermantic Trouble",
            "color": "white"
        },
        "description": {
            "text": "Kill an enderman in every dimension",
            "color": "green"
        },
        "icon": {
            "item": "minecraft:ender_eye"
        },
        "frame": "challenge",
        "show_toast": true,
        "announce_to_chat": true,
        "hidden": false
    },
    "criteria": {
        "ender": {
            "trigger": "minecraft:player_killed_entity",
            "conditions": {
                "entity": {
                    "type": "minecraft:enderman",
                    "location": {
                        "dimension": "the_end"
                    }
                }
            }
        }
    },
    "parent": "oneblock:cow"
}