{
    "__comment": "Made with TheDestruc7i0n's advancements generator: https://advancements.thedestruc7i0n.ca",
    "display": {
        "title": {
            "text": "OneBlock!",
            "color": "green",
            "underlined": true
        },
        "description": {
            "text": "Welcome to Oneblock",
            "color": "gray"
        },
        "icon": {
            "item": "minecraft:grass_block"
        },
        "frame": "challenge",
        "show_toast": true,
        "announce_to_chat": false,
        "hidden": false,
        "background": "minecraft:textures/block/light_blue_wool.png"
    },
    "criteria": {
        "getdirt": {
            "trigger": "minecraft:inventory_changed",
            "conditions": {
                "items": [
                    {
                        "item": "minecraft:dirt",
                        "count": {
                            "min": 1,
                            "max": 64
                        }
                    }
                ]
            }
        }
    }
}